id,email,first_name,last_name,gender,phonenumber,subid,age
1,Leah_King1400@mafthy.com,Leah,King,Female,4-135-142-8243,3,22
2,Allison_Sanchez4134@twace.org,Allison,Sanchez,Female,5-070-057-6461,14,55
3,Jacob_Knight3487@famism.biz,Jacob,Knight,Male,1-001-405-4666,4,52
4,Mark_Shelton9708@brety.org,Mark,Shelton,Male,2-836-720-4566,12,23
5,Kurt_Morris7734@womeona.net,Kurt,Morris,Male,2-041-087-4384,7,37
6,Alan_Stewart7120@typill.biz,Alan,Stewart,Male,1-834-070-8588,1,42
7,David_Addley623@hourpy.biz,David,Addley,Male,2-607-550-2207,9,22
8,Camellia_Denton9066@bungar.biz,Camellia,Denton,Female,3-380-154-7882,6,26
9,Carolyn_Knight5189@nanoff.biz,Carolyn,Knight,Female,6-884-686-2780,3,27
10,Bob_Lynn4120@acrit.org,Bob,Lynn,Male,7-116-020-6661,9,63
11,Julian_Hall5991@kideod.biz,Julian,Hall,Male,2-142-588-7085,8,43
12,Morgan_Stone 9644@mafthy.com,Morgan,Stone ,Female,7-262-856-3084,4,61
13,Chloe_Drake5625@twipet.com,Chloe,Drake,Female,4-714-860-1541,12,53
14,Nathan_Olson5181@womeona.net,Nathan,Olson,Male,4-585-775-5648,1,29
15,Agnes_Nicolas4247@nimogy.biz,Agnes,Nicolas,Female,7-484-178-1654,6,22
16,Martin_Alexander2981@gompie.com,Martin,Alexander,Male,3-521-355-3866,8,62
17,Mayleen_Roscoe4758@iatim.tech,Mayleen,Roscoe,Female,7-685-881-1745,5,51
18,Sharon_Watt1785@cispeto.com,Sharon,Watt,Female,5-744-038-1543,12,25
19,Percy_Gonzales5004@elnee.tech,Percy,Gonzales,Male,3-114-782-4006,8,42
20,Natalie_Pierce3589@acrit.org,Natalie,Pierce,Female,8-287-553-5315,11,51
21,Maxwell_Rodwell1022@gmail.com,Maxwell,Rodwell,Male,5-468-807-8758,1,53
22,Elisabeth_Addison7405@elnee.tech,Elisabeth,Addison,Female,5-732-723-2052,2,21
23,Payton_Heaton7124@gembat.biz,Payton,Heaton,Female,0-666-504-1724,6,39
24,Boris_Maxwell5049@gembat.biz,Boris,Maxwell,Male,7-646-724-4826,10,43
25,Nick_York6270@bungar.biz,Nick,York,Male,7-130-405-1733,14,42
26,Faith_Addley5729@corti.com,Faith,Addley,Female,7-305-571-5808,5,23
27,Eryn_Vince1010@joiniaa.com,Eryn,Vince,Female,8-620-605-2110,13,59
28,Phillip_Quinton7226@qater.org,Phillip,Quinton,Male,7-234-517-0211,3,33
29,Louise_Robertson2547@iatim.tech,Louise,Robertson,Female,3-484-837-1034,11,48
30,Jamie_Lloyd3876@grannar.com,Jamie,Lloyd,Female,5-878-210-0788,6,36
31,Lillian_Palmer1271@zorer.org,Lillian,Palmer,Female,4-078-666-4467,7,44
32,Ronald_Bennett3304@grannar.com,Ronald,Bennett,Male,5-373-021-8032,1,34
33,Julius_Quinnell1501@typill.biz,Julius,Quinnell,Male,0-246-538-4343,6,21
34,Rose_Bennett3032@deavo.com,Rose,Bennett,Female,7-556-612-6467,13,58
35,Harmony_Buckley2710@sveldo.biz,Harmony,Buckley,Female,1-007-746-8106,7,35
36,Alma_Stevens4738@elnee.tech,Alma,Stevens,Female,7-536-464-5417,6,34
37,Keira_Mccormick7465@deavo.com,Keira,Mccormick,Female,7-201-056-2454,3,54
38,Erick_Ainsworth1730@typill.biz,Erick,Ainsworth,Male,5-128-163-6337,12,48
39,Julian_Lee1859@naiker.biz,Julian,Lee,Male,2-063-880-8024,12,36
40,Faith_Flack5782@corti.com,Faith,Flack,Female,8-368-286-6770,7,46
41,Bryce_Edwards2479@zorer.org,Bryce,Edwards,Female,2-806-237-5312,4,24
42,Alex_Hilton9666@mafthy.com,Alex,Hilton,Female,3-422-218-7835,3,26
43,Erick_Truscott4257@qater.org,Erick,Truscott,Male,3-543-255-5827,9,56
44,Savannah_Thompson2838@yahoo.com,Savannah,Thompson,Female,6-524-817-8003,14,36
45,Emery_Lynch5823@bungar.biz,Emery,Lynch,Female,8-564-041-6720,11,42
46,Jenna_Gregory415@twace.org,Jenna,Gregory,Female,4-146-455-2344,11,42
47,Tony_Watson754@famism.biz,Tony,Watson,Male,2-073-058-2776,14,30
48,George_Bentley15@corti.com,George,Bentley,Male,1-741-622-5423,2,48
49,Carter_Grey178@bauros.biz,Carter,Grey,Male,4-043-636-5268,2,24
50,Marvin_Tanner2480@deavo.com,Marvin,Tanner,Male,0-160-383-7083,2,43
51,Jayden_Grant8478@nimogy.biz,Jayden,Grant,Male,6-705-075-1244,3,49
52,Analise_Walter5200@bauros.biz,Analise,Walter,Female,0-325-668-5347,8,31
53,Abdul_Walker33@yahoo.com,Abdul,Walker,Male,6-177-124-6682,14,53
54,Kurt_Fisher834@corti.com,Kurt,Fisher,Male,2-802-153-8108,4,28
55,Tom_Vaughn8949@liret.org,Tom,Vaughn,Male,0-218-251-4024,8,50
56,Rosa_Rose6174@vetan.org,Rosa,Rose,Female,6-172-266-6027,3,60
57,Renee_Brown8397@twace.org,Renee,Brown,Female,7-501-266-4173,14,33
58,Ember_Norburn3094@twipet.com,Ember,Norburn,Female,8-148-012-0511,1,64
59,Rae_Alexander2363@muall.tech,Rae,Alexander,Female,4-552-476-3467,12,29
60,Skylar_Kelly8521@gmail.com,Skylar,Kelly,Female,0-805-020-6336,10,55
61,Rosemary_Lucas3978@bretoux.com,Rosemary,Lucas,Female,8-127-726-3781,5,52
62,Harry_Lakey597@corti.com,Harry,Lakey,Male,4-031-286-0088,5,37
63,Doug_Hobbs5198@nimogy.biz,Doug,Hobbs,Male,2-238-261-0021,4,27
64,Tara_Locke8495@corti.com,Tara,Locke,Female,0-802-537-5636,14,21
65,Brooklyn_Brennan7659@sveldo.biz,Brooklyn,Brennan,Female,1-308-667-6600,2,23
66,Cassidy_Jackson2265@nanoff.biz,Cassidy,Jackson,Female,6-531-452-3122,1,46
67,Madison_Coates6516@ovock.tech,Madison,Coates,Female,2-465-056-2504,4,51
68,Mandy_Wheeler5406@guentu.biz,Mandy,Wheeler,Female,5-243-644-8433,10,58
69,Wade_Booth5442@extex.org,Wade,Booth,Male,2-462-535-0587,5,27
70,Havana_Hamilton7294@qater.org,Havana,Hamilton,Female,8-155-282-3644,4,27
71,Trisha_Weston7230@qater.org,Trisha,Weston,Female,7-814-805-0123,6,41
72,Jack_Saunders7711@vetan.org,Jack,Saunders,Male,4-330-740-6585,11,51
73,Stephanie_Mackenzie1060@typill.biz,Stephanie,Mackenzie,Female,6-557-002-1826,6,56
74,Denis_Denton5568@grannar.com,Denis,Denton,Male,2-073-805-4686,1,33
75,Makenzie_Dixon2981@zorer.org,Makenzie,Dixon,Female,2-852-138-5667,2,28
76,Tony_Nelson7063@zorer.org,Tony,Nelson,Male,6-745-412-2316,2,43
77,Robyn_Thorpe421@nickia.com,Robyn,Thorpe,Female,6-804-777-7451,10,34
78,Gloria_Dickson6780@deavo.com,Gloria,Dickson,Female,1-071-430-5261,2,22
79,Rosalee_Truscott2629@nickia.com,Rosalee,Truscott,Female,6-753-662-5304,4,35
80,Danny_Summers6321@zorer.org,Danny,Summers,Male,4-071-512-4073,13,56
81,Nicholas_Asher5556@cispeto.com,Nicholas,Asher,Male,0-427-547-3743,5,35
82,Audrey_Carpenter2506@ovock.tech,Audrey,Carpenter,Female,0-231-160-1570,9,24
83,Chuck_Stone3044@twipet.com,Chuck,Stone,Male,1-666-486-4853,6,21
84,Thea_Zaoui3615@muall.tech,Thea,Zaoui,Female,1-043-156-8223,8,26
85,Melania_Garcia8788@bretoux.com,Melania,Garcia,Female,8-232-052-3851,8,46
86,William_Rainford2552@deavo.com,William,Rainford,Male,4-060-415-0141,5,23
87,Hayden_Davies9883@bauros.biz,Hayden,Davies,Female,3-782-620-6731,10,50
88,George_Stewart4634@twace.org,George,Stewart,Male,8-044-077-2037,6,20
89,Nick_Porter5125@iatim.tech,Nick,Porter,Male,0-634-760-7324,6,33
90,Sydney_Tyler7425@infotech44.tech,Sydney,Tyler,Female,7-380-028-0022,11,20
91,Madelyn_Rodwell4910@grannar.com,Madelyn,Rodwell,Female,5-708-304-0462,9,51
92,Macy_Sloan5012@deons.tech,Macy,Sloan,Female,3-175-851-4426,7,30
93,Shay_Anderson5294@brety.org,Shay,Anderson,Female,4-842-427-6447,5,21
94,Joseph_Larsen3809@naiker.biz,Joseph,Larsen,Male,0-314-866-2024,14,48
95,Gloria_Cadman7427@typill.biz,Gloria,Cadman,Female,3-317-605-8644,2,55
96,Lara_Olivier217@jiman.org,Lara,Olivier,Female,4-460-638-4118,6,18
97,Peter_Martin7568@bungar.biz,Peter,Martin,Male,4-437-074-2632,7,21
98,Maia_Newton4005@nimogy.biz,Maia,Newton,Female,3-464-366-0462,3,47
99,Rufus_Kennedy490@gembat.biz,Rufus,Kennedy,Male,5-121-208-6806,2,21
100,Paige_Rogers189@naiker.biz,Paige,Rogers,Female,8-036-043-2565,9,27

