ID,First_Name,Last_Name,Gender,Email,SubID,PhoneNumber
1,Mara,Holmes,Female,,11,
2,Matthew,Dillon,Male,,12,
3,Matt,Faulkner,Male,,2,
4,Hadley,Bentley,Female,,1,3-115-068-8185
5,Maggie,Cavanagh,Female,Maggie_Cavanagh6009@bulaffy.com,3,3-315-031-5002
6,Selena,Robinson,Female,Selena_Robinson7384@joiniaa.com,10,1-100-362-3170
7,Enoch,Thomson,Male,Enoch_Thomson1788@fuliss.net,15,8-607-345-8632
8,Penny,Snow,Female,Penny_Snow8507@corti.com,10,8-303-251-2402
9,Bob,Ebbs,Male,Bob_Ebbs1664@typill.biz,10,5-274-340-7014
10,Madelyn,Ward,Female,Madelyn_Ward4679@gembat.biz,9,0-434-508-5588
11,Aiden,Swift,Male,Aiden_Swift7708@eirey.tech,4,7-305-335-0764
12,Julian,Glass,Male,Julian_Glass9417@deons.tech,13,2-156-577-0815
13,Lorraine,Salt,Female,Lorraine_Salt8185@mafthy.com,8,5-410-752-2032
14,Harry,Nash,Male,Harry_Nash1300@womeona.net,2,5-172-623-3332
15,Selena,Cartwright,Female,Selena_Cartwright4778@acrit.org,9,1-220-436-4715
16,Rosemary,Adams,Female,Rosemary_Adams5616@gembat.biz,7,8-377-541-7836
17,Noemi,Alldridge,Female,Noemi_Alldridge5080@fuliss.net,5,7-554-523-2731
18,Christine,Anderson,Female,Christine_Anderson256@womeona.net,14,7-256-753-2747
19,Kimberly,Oakley,Female,Kimberly_Oakley9826@deavo.com,6,7-474-426-7680
20,Benjamin,Ellis,Male,Benjamin_Ellis2370@deavo.com,11,5-170-023-7424
